"hz","total_cases","n_weeks","acceptance_rate","parameter","median","q025","q975","mean","sd"
"alunguli",1440,40,0.162176580421446,"E0",12.6885129214391,10.1199145135591,29.045041271116,14.6246449508503,8.08877469256504
"alunguli",1440,40,0.162176580421446,"R0",4.98540126714409,3.80044067995931,6.3269916839704,5.00167805223907,0.63168359308534
"alunguli",1440,40,0.162176580421446,"frac_neff",0.155925507177836,0.124244231192094,0.202503158110803,0.157085355923046,0.0198294828679631
"alunguli",1440,40,0.162176580421446,"obs_size",3.84867756836211,2.01762620815077,6.68851059759599,3.97129269673101,1.21344547401414
"alunguli",1440,40,0.162176580421446,"trans_prob",0.01218375191199,0.0077005647446086,0.0165083814593451,0.0122021316345099,0.00221811169566299
"bumbu",185,32,0.235707299724371,"E0",35.550588787715,12.3429073993802,100.842585749224,41.8409332895307,24.09950322241
"bumbu",185,32,0.235707299724371,"R0",0.831706121213706,0.598946541243723,1.14084475967497,0.839739027656032,0.137151201424636
"bumbu",185,32,0.235707299724371,"frac_neff",0.417245534534393,0.0107555235300505,0.945496212444662,0.446483650316037,0.358771077022697
"bumbu",185,32,0.235707299724371,"obs_size",1.11143999887586,1.00553411068099,1.63609421153776,1.16615222109294,0.169868042583053
"bumbu",185,32,0.235707299724371,"trans_prob",0.000741721137837158,0.000270359172018088,0.0368009759119048,0.00561628279028803,0.00993701194045278
"goma",1868,46,0.404907975460123,"E0",21.0075715957087,10.8952208058282,57.532426522281,24.6336560272794,13.1712051253732
"goma",1868,46,0.404907975460123,"R0",5.23934640408645,3.89130646931357,6.34038323805899,5.20424600698809,0.632883459873775
"goma",1868,46,0.404907975460123,"frac_neff",0.0480839264441092,0.0416681448312545,0.0546415895126136,0.0481534896006135,0.00327349120382731
"goma",1868,46,0.404907975460123,"obs_size",7.29851219904434,3.80135917326351,14.4423756351427,7.76983873905597,2.77799883696365
"goma",1868,46,0.404907975460123,"trans_prob",0.0412505748737725,0.0297309318672545,0.0492775149182034,0.0408569590124763,0.00528969866740074
"kindu",1644,40,0.437094336267449,"E0",13.9387690145502,10.142190927468,33.9712821698004,15.9928561439983,7.4396496211161
"kindu",1644,40,0.437094336267449,"R0",3.38557319789465,2.52277371730808,4.18750092937057,3.37697008539634,0.416247535490689
"kindu",1644,40,0.437094336267449,"frac_neff",0.0751585761409089,0.0608302285986406,0.096642250684519,0.0760330048826621,0.00904313879554709
"kindu",1644,40,0.437094336267449,"obs_size",3.36872216631062,1.84193312973011,5.65501569209276,3.47368234699501,0.9934897412333
"kindu",1644,40,0.437094336267449,"trans_prob",0.0170978468399536,0.0106717757729177,0.0229366926865866,0.0170020180160878,0.00302458664811966
"kingabwa",203,27,0.226816039832844,"E0",97.7791050985076,32.2701242122865,416.741128604772,128.096195317216,99.0948786179418
"kingabwa",203,27,0.226816039832844,"R0",0.763432095293909,0.501431277142848,1.19605393992376,0.782625869460145,0.171804486710887
"kingabwa",203,27,0.226816039832844,"frac_neff",0.784378055993453,0.0174970699069746,0.946257768594657,0.63204947508565,0.323207224213294
"kingabwa",203,27,0.226816039832844,"obs_size",1.2300259065126,1.00961271938719,2.12665015548865,1.31346692684248,0.312937582778638
"kingabwa",203,27,0.226816039832844,"trans_prob",0.000388291917335642,0.000214723784923314,0.0244882211599558,0.002415838977764,0.00640385401417018
"kirotshe",2911,46,0.104383391126523,"E0",27.4150945756897,12.7067466499055,50.9163716498302,28.3777593291499,9.91265322409297
"kirotshe",2911,46,0.104383391126523,"R0",1.90083393682911,1.68754768090532,2.37178713179967,1.93476093490548,0.172305235059819
"kirotshe",2911,46,0.104383391126523,"frac_neff",0.41380523082285,0.0970634057247795,0.934446428218585,0.462735592224863,0.27185585524026
"kirotshe",2911,46,0.104383391126523,"obs_size",4.41759119338477,2.73105572808135,7.54965416125965,4.65261524750348,1.30080849873238
"kirotshe",2911,46,0.104383391126523,"trans_prob",0.00168538132521699,0.000715334635437893,0.00972544561159939,0.00262530895935895,0.002278037228834
"kokolo",456,30,0.306481728460923,"E0",533.681152683875,156.583613555841,787.841241632139,519.145419942023,182.76083471051
"kokolo",456,30,0.306481728460923,"R0",0.567183219174002,0.409313652211964,1.93546571114613,0.859974281408054,0.501597060683581
"kokolo",456,30,0.306481728460923,"frac_neff",0.830029470385113,0.0114959293224181,0.947953315777303,0.519520757807208,0.428291606833526
"kokolo",456,30,0.306481728460923,"obs_size",1.09851489281913,1.00278100371037,1.59487310515914,1.15338607940243,0.163952354160147
"kokolo",456,30,0.306481728460923,"trans_prob",0.000263009740372287,0.000167846762417145,0.0492053499252235,0.0139044843366701,0.01919685246659
"limete",879,31,0.318307104116653,"E0",21.6625439649771,10.5484739980398,61.5333797582587,25.335731829307,14.2482728967416
"limete",879,31,0.318307104116653,"R0",1.87367056141116,1.521642175674,2.40052674315543,1.89982426899445,0.21895842220535
"limete",879,31,0.318307104116653,"frac_neff",0.644654283295979,0.105557155811962,0.94561028059916,0.59195292506437,0.282214078466519
"limete",879,31,0.318307104116653,"obs_size",1.06789922521942,1.00305661090129,1.36230429870987,1.09693784512015,0.0944716102617939
"limete",879,31,0.318307104116653,"trans_prob",0.00108834441648978,0.000653413200556551,0.0081186591902015,0.00193890576768473,0.00197022264586151
"maluku_i",212,25,0.289054859073531,"E0",466.514025184374,145.295608676956,777.643519799362,467.043789756327,175.905985668753
"maluku_i",212,25,0.289054859073531,"R0",0.538590073118525,0.387672563648069,0.816594868605167,0.555424771816152,0.132624234338419
"maluku_i",212,25,0.289054859073531,"frac_neff",0.912285460030974,0.644723077545973,0.948168713569833,0.886515153233804,0.108695775766505
"maluku_i",212,25,0.289054859073531,"obs_size",1.28143864844472,1.01104535796288,2.27398658735886,1.37681430078141,0.354153390497553
"maluku_i",212,25,0.289054859073531,"trans_prob",0.000225030367307885,0.0001583276607645,0.000399926786743766,0.000482872593044345,0.0030163452855746
"ngiri_ngiri",218,31,0.230550368987285,"E0",13.3427454357882,10.1223797277628,30.7331713407993,15.1081553381171,5.48855135801238
"ngiri_ngiri",218,31,0.230550368987285,"R0",1.32382250885319,1.07942304097649,1.62958799382924,1.33248503515856,0.137680014434443
"ngiri_ngiri",218,31,0.230550368987285,"frac_neff",0.55238622533168,0.0394171680042715,0.943918620890481,0.519402899759571,0.31665581145617
"ngiri_ngiri",218,31,0.230550368987285,"obs_size",1.47728447085381,1.02450156271849,2.87011059769636,1.59711018119085,0.479611117987812
"ngiri_ngiri",218,31,0.230550368987285,"trans_prob",0.000910272691551579,0.000470083681161577,0.0140995017810575,0.00250499439864783,0.00390783845620572
"nyiragongo",1369,46,0.255179158886814,"E0",93.4936647868148,39.5649411958758,195.766375803304,101.356971229608,40.9142748582474
"nyiragongo",1369,46,0.255179158886814,"R0",1.30668166915549,1.11444286191976,1.75271003393564,1.34901539699197,0.17766794372006
"nyiragongo",1369,46,0.255179158886814,"frac_neff",0.133395277823938,0.0485506913152435,0.686041699993514,0.246402876084873,0.214743849647328
"nyiragongo",1369,46,0.255179158886814,"obs_size",7.84324256947329,4.14453851835096,14.8664806202894,8.26051167619842,2.69204360946536
"nyiragongo",1369,46,0.255179158886814,"trans_prob",0.00368147495098608,0.000636273011162816,0.0133382479337522,0.00468238285858016,0.00393274779076012
"opala",1279,26,0.492042322397084,"E0",59.3862920583448,11.3211089036152,734.205780203005,165.367167870805,209.382840235693
"opala",1279,26,0.492042322397084,"R0",4.69550128871627,1.63111674870976,7.7819882381553,4.53540137829896,1.70867314785538
"opala",1279,26,0.492042322397084,"frac_neff",0.0835178138645945,0.0575261602433474,0.925773637449994,0.194362708921766,0.259365209518267
"opala",1279,26,0.492042322397084,"obs_size",1.22579568564395,1.00786841348927,2.04601698071083,1.30459252259193,0.281637733174381
"opala",1279,26,0.492042322397084,"trans_prob",0.0223682089448378,0.000716075364828391,0.0390578028365786,0.0203536355621952,0.0115213756700371
